salary,sales,roe,industry
1095,27595,14.10000038,1
,9958,10.89999962,1
,6125.899902,23.5,1
578,16246,5.900000095,1
1368,,13.80000019,1
1145,,20,2
1078,2266.699951,16.39999962,2
1094,2966.800049,16.29999924,2
1237,4570.200195,10.5,2
833,2830,,2
